comparison_type,model,variable,month,ASOS_7stations_mean,CMIP6_value,difference_CMIP6_minus_ASOS,unit,land_grid_cells,reliability
CMIP6_box_minus_ASOS_7stations,MPI-ESM1-2-LR,tas,1,1.1307,2.496,1.3653,degC,3,box_main_comparison
CMIP6_box_minus_ASOS_7stations,MPI-ESM1-2-LR,tas,2,3.3236,3.6117,0.2882,degC,3,box_main_comparison
CMIP6_box_minus_ASOS_7stations,MPI-ESM1-2-LR,tas,3,7.6664,7.3183,-0.3481,degC,3,box_main_comparison
CMIP6_box_minus_ASOS_7stations,MPI-ESM1-2-LR,tas,4,13.3529,12.0242,-1.3287,degC,3,box_main_comparison
CMIP6_box_minus_ASOS_7stations,MPI-ESM1-2-LR,tas,5,18.3307,16.0744,-2.2564,degC,3,box_main_comparison
CMIP6_box_minus_ASOS_7stations,MPI-ESM1-2-LR,tas,6,22.1693,19.946,-2.2232,degC,3,box_main_comparison
CMIP6_box_minus_ASOS_7stations,MPI-ESM1-2-LR,tas,7,25.3207,23.5051,-1.8156,degC,3,box_main_comparison
CMIP6_box_minus_ASOS_7stations,MPI-ESM1-2-LR,tas,8,26.1193,25.0993,-1.02,degC,3,box_main_comparison
CMIP6_box_minus_ASOS_7stations,MPI-ESM1-2-LR,tas,9,21.9364,22.5081,0.5717,degC,3,box_main_comparison
CMIP6_box_minus_ASOS_7stations,MPI-ESM1-2-LR,tas,10,16.3993,16.7747,0.3754,degC,3,box_main_comparison
CMIP6_box_minus_ASOS_7stations,MPI-ESM1-2-LR,tas,11,9.7186,11.5453,1.8267,degC,3,box_main_comparison
CMIP6_box_minus_ASOS_7stations,MPI-ESM1-2-LR,tas,12,3.2643,6.0714,2.8071,degC,3,box_main_comparison
CMIP6_land_mask_minus_ASOS_7stations_supplementary,MPI-ESM1-2-LR,tas,1,1.1307,-0.1296,-1.2603,degC,3,very_limited
CMIP6_land_mask_minus_ASOS_7stations_supplementary,MPI-ESM1-2-LR,tas,2,3.3236,1.5704,-1.7532,degC,3,very_limited
CMIP6_land_mask_minus_ASOS_7stations_supplementary,MPI-ESM1-2-LR,tas,3,7.6664,6.1251,-1.5413,degC,3,very_limited
CMIP6_land_mask_minus_ASOS_7stations_supplementary,MPI-ESM1-2-LR,tas,4,13.3529,11.6,-1.7529,degC,3,very_limited
CMIP6_land_mask_minus_ASOS_7stations_supplementary,MPI-ESM1-2-LR,tas,5,18.3307,15.9875,-2.3432,degC,3,very_limited
CMIP6_land_mask_minus_ASOS_7stations_supplementary,MPI-ESM1-2-LR,tas,6,22.1693,19.9371,-2.2322,degC,3,very_limited
CMIP6_land_mask_minus_ASOS_7stations_supplementary,MPI-ESM1-2-LR,tas,7,25.3207,23.3574,-1.9633,degC,3,very_limited
CMIP6_land_mask_minus_ASOS_7stations_supplementary,MPI-ESM1-2-LR,tas,8,26.1193,24.4937,-1.6256,degC,3,very_limited
CMIP6_land_mask_minus_ASOS_7stations_supplementary,MPI-ESM1-2-LR,tas,9,21.9364,21.3719,-0.5645,degC,3,very_limited
CMIP6_land_mask_minus_ASOS_7stations_supplementary,MPI-ESM1-2-LR,tas,10,16.3993,15.235,-1.1642,degC,3,very_limited
CMIP6_land_mask_minus_ASOS_7stations_supplementary,MPI-ESM1-2-LR,tas,11,9.7186,9.5783,-0.1403,degC,3,very_limited
CMIP6_land_mask_minus_ASOS_7stations_supplementary,MPI-ESM1-2-LR,tas,12,3.2643,3.5911,0.3268,degC,3,very_limited
CMIP6_box_minus_ASOS_7stations,MPI-ESM1-2-LR,pr,1,1.0756,1.7509,0.6753,mm/day,3,box_main_comparison
CMIP6_box_minus_ASOS_7stations,MPI-ESM1-2-LR,pr,2,1.4706,2.5819,1.1113,mm/day,3,box_main_comparison
CMIP6_box_minus_ASOS_7stations,MPI-ESM1-2-LR,pr,3,2.0562,3.1066,1.0504,mm/day,3,box_main_comparison
CMIP6_box_minus_ASOS_7stations,MPI-ESM1-2-LR,pr,4,2.9501,4.4341,1.4839,mm/day,3,box_main_comparison
CMIP6_box_minus_ASOS_7stations,MPI-ESM1-2-LR,pr,5,3.3678,4.383,1.0152,mm/day,3,box_main_comparison
CMIP6_box_minus_ASOS_7stations,MPI-ESM1-2-LR,pr,6,5.348,4.7652,-0.5829,mm/day,3,box_main_comparison
CMIP6_box_minus_ASOS_7stations,MPI-ESM1-2-LR,pr,7,9.9329,4.6392,-5.2937,mm/day,3,box_main_comparison
CMIP6_box_minus_ASOS_7stations,MPI-ESM1-2-LR,pr,8,10.0291,4.1002,-5.9288,mm/day,3,box_main_comparison
CMIP6_box_minus_ASOS_7stations,MPI-ESM1-2-LR,pr,9,5.9104,3.6171,-2.2933,mm/day,3,box_main_comparison
CMIP6_box_minus_ASOS_7stations,MPI-ESM1-2-LR,pr,10,1.9729,0.8473,-1.1256,mm/day,3,box_main_comparison
CMIP6_box_minus_ASOS_7stations,MPI-ESM1-2-LR,pr,11,1.7945,1.5873,-0.2072,mm/day,3,box_main_comparison
CMIP6_box_minus_ASOS_7stations,MPI-ESM1-2-LR,pr,12,0.9977,2.2793,1.2816,mm/day,3,box_main_comparison
CMIP6_land_mask_minus_ASOS_7stations_supplementary,MPI-ESM1-2-LR,pr,1,1.0756,1.3313,0.2557,mm/day,3,very_limited
CMIP6_land_mask_minus_ASOS_7stations_supplementary,MPI-ESM1-2-LR,pr,2,1.4706,2.3381,0.8676,mm/day,3,very_limited
CMIP6_land_mask_minus_ASOS_7stations_supplementary,MPI-ESM1-2-LR,pr,3,2.0562,2.8296,0.7734,mm/day,3,very_limited
CMIP6_land_mask_minus_ASOS_7stations_supplementary,MPI-ESM1-2-LR,pr,4,2.9501,4.3168,1.3667,mm/day,3,very_limited
CMIP6_land_mask_minus_ASOS_7stations_supplementary,MPI-ESM1-2-LR,pr,5,3.3678,4.0331,0.6653,mm/day,3,very_limited
CMIP6_land_mask_minus_ASOS_7stations_supplementary,MPI-ESM1-2-LR,pr,6,5.348,4.772,-0.5761,mm/day,3,very_limited
CMIP6_land_mask_minus_ASOS_7stations_supplementary,MPI-ESM1-2-LR,pr,7,9.9329,5.3236,-4.6093,mm/day,3,very_limited
CMIP6_land_mask_minus_ASOS_7stations_supplementary,MPI-ESM1-2-LR,pr,8,10.0291,4.6954,-5.3337,mm/day,3,very_limited
CMIP6_land_mask_minus_ASOS_7stations_supplementary,MPI-ESM1-2-LR,pr,9,5.9104,3.7053,-2.2051,mm/day,3,very_limited
CMIP6_land_mask_minus_ASOS_7stations_supplementary,MPI-ESM1-2-LR,pr,10,1.9729,0.6644,-1.3085,mm/day,3,very_limited
CMIP6_land_mask_minus_ASOS_7stations_supplementary,MPI-ESM1-2-LR,pr,11,1.7945,1.565,-0.2295,mm/day,3,very_limited
CMIP6_land_mask_minus_ASOS_7stations_supplementary,MPI-ESM1-2-LR,pr,12,0.9977,1.8978,0.9001,mm/day,3,very_limited
CMIP6_box_minus_ASOS_7stations,MPI-ESM1-2-HR,tas,1,1.1307,2.951,1.8202,degC,12,box_main_comparison
CMIP6_box_minus_ASOS_7stations,MPI-ESM1-2-HR,tas,2,3.3236,3.6145,0.2909,degC,12,box_main_comparison
CMIP6_box_minus_ASOS_7stations,MPI-ESM1-2-HR,tas,3,7.6664,7.1033,-0.5631,degC,12,box_main_comparison
CMIP6_box_minus_ASOS_7stations,MPI-ESM1-2-HR,tas,4,13.3529,11.2257,-2.1272,degC,12,box_main_comparison
CMIP6_box_minus_ASOS_7stations,MPI-ESM1-2-HR,tas,5,18.3307,15.187,-3.1437,degC,12,box_main_comparison
CMIP6_box_minus_ASOS_7stations,MPI-ESM1-2-HR,tas,6,22.1693,18.7532,-3.4161,degC,12,box_main_comparison
CMIP6_box_minus_ASOS_7stations,MPI-ESM1-2-HR,tas,7,25.3207,22.4833,-2.8374,degC,12,box_main_comparison
CMIP6_box_minus_ASOS_7stations,MPI-ESM1-2-HR,tas,8,26.1193,24.5945,-1.5247,degC,12,box_main_comparison
CMIP6_box_minus_ASOS_7stations,MPI-ESM1-2-HR,tas,9,21.9364,22.4885,0.5521,degC,12,box_main_comparison
CMIP6_box_minus_ASOS_7stations,MPI-ESM1-2-HR,tas,10,16.3993,17.5567,1.1575,degC,12,box_main_comparison
CMIP6_box_minus_ASOS_7stations,MPI-ESM1-2-HR,tas,11,9.7186,11.8116,2.093,degC,12,box_main_comparison
CMIP6_box_minus_ASOS_7stations,MPI-ESM1-2-HR,tas,12,3.2643,6.1831,2.9188,degC,12,box_main_comparison
CMIP6_land_mask_minus_ASOS_7stations_supplementary,MPI-ESM1-2-HR,tas,1,1.1307,-2.2151,-3.3458,degC,12,supplementary_usable
CMIP6_land_mask_minus_ASOS_7stations_supplementary,MPI-ESM1-2-HR,tas,2,3.3236,-0.2527,-3.5762,degC,12,supplementary_usable
CMIP6_land_mask_minus_ASOS_7stations_supplementary,MPI-ESM1-2-HR,tas,3,7.6664,4.9312,-2.7352,degC,12,supplementary_usable
CMIP6_land_mask_minus_ASOS_7stations_supplementary,MPI-ESM1-2-HR,tas,4,13.3529,10.5886,-2.7643,degC,12,supplementary_usable
CMIP6_land_mask_minus_ASOS_7stations_supplementary,MPI-ESM1-2-HR,tas,5,18.3307,15.5908,-2.7399,degC,12,supplementary_usable
CMIP6_land_mask_minus_ASOS_7stations_supplementary,MPI-ESM1-2-HR,tas,6,22.1693,19.3933,-2.776,degC,12,supplementary_usable
CMIP6_land_mask_minus_ASOS_7stations_supplementary,MPI-ESM1-2-HR,tas,7,25.3207,22.947,-2.3737,degC,12,supplementary_usable
CMIP6_land_mask_minus_ASOS_7stations_supplementary,MPI-ESM1-2-HR,tas,8,26.1193,23.7688,-2.3505,degC,12,supplementary_usable
CMIP6_land_mask_minus_ASOS_7stations_supplementary,MPI-ESM1-2-HR,tas,9,21.9364,20.1581,-1.7784,degC,12,supplementary_usable
CMIP6_land_mask_minus_ASOS_7stations_supplementary,MPI-ESM1-2-HR,tas,10,16.3993,14.408,-1.9913,degC,12,supplementary_usable
CMIP6_land_mask_minus_ASOS_7stations_supplementary,MPI-ESM1-2-HR,tas,11,9.7186,7.7756,-1.943,degC,12,supplementary_usable
CMIP6_land_mask_minus_ASOS_7stations_supplementary,MPI-ESM1-2-HR,tas,12,3.2643,1.2815,-1.9828,degC,12,supplementary_usable
CMIP6_box_minus_ASOS_7stations,MPI-ESM1-2-HR,pr,1,1.0756,2.1592,1.0835,mm/day,12,box_main_comparison
CMIP6_box_minus_ASOS_7stations,MPI-ESM1-2-HR,pr,2,1.4706,2.1935,0.7229,mm/day,12,box_main_comparison
CMIP6_box_minus_ASOS_7stations,MPI-ESM1-2-HR,pr,3,2.0562,3.5812,1.525,mm/day,12,box_main_comparison
CMIP6_box_minus_ASOS_7stations,MPI-ESM1-2-HR,pr,4,2.9501,4.748,1.7978,mm/day,12,box_main_comparison
CMIP6_box_minus_ASOS_7stations,MPI-ESM1-2-HR,pr,5,3.3678,4.612,1.2443,mm/day,12,box_main_comparison
CMIP6_box_minus_ASOS_7stations,MPI-ESM1-2-HR,pr,6,5.348,4.349,-0.9991,mm/day,12,box_main_comparison
CMIP6_box_minus_ASOS_7stations,MPI-ESM1-2-HR,pr,7,9.9329,5.3148,-4.6181,mm/day,12,box_main_comparison
CMIP6_box_minus_ASOS_7stations,MPI-ESM1-2-HR,pr,8,10.0291,3.7816,-6.2475,mm/day,12,box_main_comparison
CMIP6_box_minus_ASOS_7stations,MPI-ESM1-2-HR,pr,9,5.9104,2.4911,-3.4193,mm/day,12,box_main_comparison
CMIP6_box_minus_ASOS_7stations,MPI-ESM1-2-HR,pr,10,1.9729,1.1983,-0.7746,mm/day,12,box_main_comparison
CMIP6_box_minus_ASOS_7stations,MPI-ESM1-2-HR,pr,11,1.7945,2.0498,0.2553,mm/day,12,box_main_comparison
CMIP6_box_minus_ASOS_7stations,MPI-ESM1-2-HR,pr,12,0.9977,2.1313,1.1336,mm/day,12,box_main_comparison
CMIP6_land_mask_minus_ASOS_7stations_supplementary,MPI-ESM1-2-HR,pr,1,1.0756,1.7173,0.6416,mm/day,12,supplementary_usable
CMIP6_land_mask_minus_ASOS_7stations_supplementary,MPI-ESM1-2-HR,pr,2,1.4706,1.8526,0.382,mm/day,12,supplementary_usable
CMIP6_land_mask_minus_ASOS_7stations_supplementary,MPI-ESM1-2-HR,pr,3,2.0562,3.5076,1.4514,mm/day,12,supplementary_usable
CMIP6_land_mask_minus_ASOS_7stations_supplementary,MPI-ESM1-2-HR,pr,4,2.9501,4.4773,1.5271,mm/day,12,supplementary_usable
CMIP6_land_mask_minus_ASOS_7stations_supplementary,MPI-ESM1-2-HR,pr,5,3.3678,4.5492,1.1814,mm/day,12,supplementary_usable
CMIP6_land_mask_minus_ASOS_7stations_supplementary,MPI-ESM1-2-HR,pr,6,5.348,4.0454,-1.3027,mm/day,12,supplementary_usable
CMIP6_land_mask_minus_ASOS_7stations_supplementary,MPI-ESM1-2-HR,pr,7,9.9329,7.0821,-2.8508,mm/day,12,supplementary_usable
CMIP6_land_mask_minus_ASOS_7stations_supplementary,MPI-ESM1-2-HR,pr,8,10.0291,4.843,-5.1861,mm/day,12,supplementary_usable
CMIP6_land_mask_minus_ASOS_7stations_supplementary,MPI-ESM1-2-HR,pr,9,5.9104,2.5031,-3.4073,mm/day,12,supplementary_usable
CMIP6_land_mask_minus_ASOS_7stations_supplementary,MPI-ESM1-2-HR,pr,10,1.9729,1.1198,-0.8531,mm/day,12,supplementary_usable
CMIP6_land_mask_minus_ASOS_7stations_supplementary,MPI-ESM1-2-HR,pr,11,1.7945,1.9603,0.1658,mm/day,12,supplementary_usable
CMIP6_land_mask_minus_ASOS_7stations_supplementary,MPI-ESM1-2-HR,pr,12,0.9977,1.8908,0.893,mm/day,12,supplementary_usable
CMIP6_box_minus_ASOS_7stations,ACCESS-CM2,tas,1,1.1307,4.7213,3.5905,degC,6,box_main_comparison
CMIP6_box_minus_ASOS_7stations,ACCESS-CM2,tas,2,3.3236,4.3008,0.9772,degC,6,box_main_comparison
CMIP6_box_minus_ASOS_7stations,ACCESS-CM2,tas,3,7.6664,6.4887,-1.1777,degC,6,box_main_comparison
CMIP6_box_minus_ASOS_7stations,ACCESS-CM2,tas,4,13.3529,9.6439,-3.709,degC,6,box_main_comparison
CMIP6_box_minus_ASOS_7stations,ACCESS-CM2,tas,5,18.3307,12.8048,-5.5259,degC,6,box_main_comparison
CMIP6_box_minus_ASOS_7stations,ACCESS-CM2,tas,6,22.1693,15.9906,-6.1787,degC,6,box_main_comparison
CMIP6_box_minus_ASOS_7stations,ACCESS-CM2,tas,7,25.3207,18.6778,-6.6429,degC,6,box_main_comparison
CMIP6_box_minus_ASOS_7stations,ACCESS-CM2,tas,8,26.1193,20.3864,-5.7329,degC,6,box_main_comparison
CMIP6_box_minus_ASOS_7stations,ACCESS-CM2,tas,9,21.9364,19.1772,-2.7592,degC,6,box_main_comparison
CMIP6_box_minus_ASOS_7stations,ACCESS-CM2,tas,10,16.3993,15.9654,-0.4339,degC,6,box_main_comparison
CMIP6_box_minus_ASOS_7stations,ACCESS-CM2,tas,11,9.7186,11.7531,2.0346,degC,6,box_main_comparison
CMIP6_box_minus_ASOS_7stations,ACCESS-CM2,tas,12,3.2643,7.6045,4.3402,degC,6,box_main_comparison
CMIP6_land_mask_minus_ASOS_7stations_supplementary,ACCESS-CM2,tas,1,1.1307,2.6838,1.5531,degC,6,limited_supplementary
CMIP6_land_mask_minus_ASOS_7stations_supplementary,ACCESS-CM2,tas,2,3.3236,2.5297,-0.7939,degC,6,limited_supplementary
CMIP6_land_mask_minus_ASOS_7stations_supplementary,ACCESS-CM2,tas,3,7.6664,5.2788,-2.3876,degC,6,limited_supplementary
CMIP6_land_mask_minus_ASOS_7stations_supplementary,ACCESS-CM2,tas,4,13.3529,8.9405,-4.4123,degC,6,limited_supplementary
CMIP6_land_mask_minus_ASOS_7stations_supplementary,ACCESS-CM2,tas,5,18.3307,12.5891,-5.7416,degC,6,limited_supplementary
CMIP6_land_mask_minus_ASOS_7stations_supplementary,ACCESS-CM2,tas,6,22.1693,16.2867,-5.8826,degC,6,limited_supplementary
CMIP6_land_mask_minus_ASOS_7stations_supplementary,ACCESS-CM2,tas,7,25.3207,19.1251,-6.1956,degC,6,limited_supplementary
CMIP6_land_mask_minus_ASOS_7stations_supplementary,ACCESS-CM2,tas,8,26.1193,20.5886,-5.5307,degC,6,limited_supplementary
CMIP6_land_mask_minus_ASOS_7stations_supplementary,ACCESS-CM2,tas,9,21.9364,18.4183,-3.5181,degC,6,limited_supplementary
CMIP6_land_mask_minus_ASOS_7stations_supplementary,ACCESS-CM2,tas,10,16.3993,14.5722,-1.8271,degC,6,limited_supplementary
CMIP6_land_mask_minus_ASOS_7stations_supplementary,ACCESS-CM2,tas,11,9.7186,9.911,0.1924,degC,6,limited_supplementary
CMIP6_land_mask_minus_ASOS_7stations_supplementary,ACCESS-CM2,tas,12,3.2643,5.5403,2.276,degC,6,limited_supplementary
CMIP6_box_minus_ASOS_7stations,ACCESS-CM2,pr,1,1.0756,1.7975,0.7219,mm/day,6,box_main_comparison
CMIP6_box_minus_ASOS_7stations,ACCESS-CM2,pr,2,1.4706,2.1247,0.6542,mm/day,6,box_main_comparison
CMIP6_box_minus_ASOS_7stations,ACCESS-CM2,pr,3,2.0562,2.7054,0.6492,mm/day,6,box_main_comparison
CMIP6_box_minus_ASOS_7stations,ACCESS-CM2,pr,4,2.9501,3.2566,0.3064,mm/day,6,box_main_comparison
CMIP6_box_minus_ASOS_7stations,ACCESS-CM2,pr,5,3.3678,3.3697,0.0019,mm/day,6,box_main_comparison
CMIP6_box_minus_ASOS_7stations,ACCESS-CM2,pr,6,5.348,2.6485,-2.6996,mm/day,6,box_main_comparison
CMIP6_box_minus_ASOS_7stations,ACCESS-CM2,pr,7,9.9329,6.8176,-3.1153,mm/day,6,box_main_comparison
CMIP6_box_minus_ASOS_7stations,ACCESS-CM2,pr,8,10.0291,4.7498,-5.2792,mm/day,6,box_main_comparison
CMIP6_box_minus_ASOS_7stations,ACCESS-CM2,pr,9,5.9104,2.3516,-3.5588,mm/day,6,box_main_comparison
CMIP6_box_minus_ASOS_7stations,ACCESS-CM2,pr,10,1.9729,2.2243,0.2515,mm/day,6,box_main_comparison
CMIP6_box_minus_ASOS_7stations,ACCESS-CM2,pr,11,1.7945,2.5574,0.7629,mm/day,6,box_main_comparison
CMIP6_box_minus_ASOS_7stations,ACCESS-CM2,pr,12,0.9977,2.8483,1.8506,mm/day,6,box_main_comparison
CMIP6_land_mask_minus_ASOS_7stations_supplementary,ACCESS-CM2,pr,1,1.0756,1.5842,0.5085,mm/day,6,limited_supplementary
CMIP6_land_mask_minus_ASOS_7stations_supplementary,ACCESS-CM2,pr,2,1.4706,1.6858,0.2153,mm/day,6,limited_supplementary
CMIP6_land_mask_minus_ASOS_7stations_supplementary,ACCESS-CM2,pr,3,2.0562,2.6343,0.5781,mm/day,6,limited_supplementary
CMIP6_land_mask_minus_ASOS_7stations_supplementary,ACCESS-CM2,pr,4,2.9501,2.7271,-0.2231,mm/day,6,limited_supplementary
CMIP6_land_mask_minus_ASOS_7stations_supplementary,ACCESS-CM2,pr,5,3.3678,3.0271,-0.3407,mm/day,6,limited_supplementary
CMIP6_land_mask_minus_ASOS_7stations_supplementary,ACCESS-CM2,pr,6,5.348,2.1893,-3.1587,mm/day,6,limited_supplementary
CMIP6_land_mask_minus_ASOS_7stations_supplementary,ACCESS-CM2,pr,7,9.9329,6.2887,-3.6442,mm/day,6,limited_supplementary
CMIP6_land_mask_minus_ASOS_7stations_supplementary,ACCESS-CM2,pr,8,10.0291,5.0476,-4.9814,mm/day,6,limited_supplementary
CMIP6_land_mask_minus_ASOS_7stations_supplementary,ACCESS-CM2,pr,9,5.9104,2.1766,-3.7338,mm/day,6,limited_supplementary
CMIP6_land_mask_minus_ASOS_7stations_supplementary,ACCESS-CM2,pr,10,1.9729,2.2417,0.2688,mm/day,6,limited_supplementary
CMIP6_land_mask_minus_ASOS_7stations_supplementary,ACCESS-CM2,pr,11,1.7945,2.5179,0.7234,mm/day,6,limited_supplementary
CMIP6_land_mask_minus_ASOS_7stations_supplementary,ACCESS-CM2,pr,12,0.9977,2.7987,1.801,mm/day,6,limited_supplementary
CMIP6_box_minus_ASOS_7stations,CanESM5,tas,1,1.1307,4.9247,3.794,degC,1,box_main_comparison
CMIP6_box_minus_ASOS_7stations,CanESM5,tas,2,3.3236,4.6751,1.3516,degC,1,box_main_comparison
CMIP6_box_minus_ASOS_7stations,CanESM5,tas,3,7.6664,7.2101,-0.4563,degC,1,box_main_comparison
CMIP6_box_minus_ASOS_7stations,CanESM5,tas,4,13.3529,10.9342,-2.4187,degC,1,box_main_comparison
CMIP6_box_minus_ASOS_7stations,CanESM5,tas,5,18.3307,15.7984,-2.5323,degC,1,box_main_comparison
CMIP6_box_minus_ASOS_7stations,CanESM5,tas,6,22.1693,20.9905,-1.1788,degC,1,box_main_comparison
CMIP6_box_minus_ASOS_7stations,CanESM5,tas,7,25.3207,24.558,-0.7627,degC,1,box_main_comparison
CMIP6_box_minus_ASOS_7stations,CanESM5,tas,8,26.1193,26.5757,0.4564,degC,1,box_main_comparison
CMIP6_box_minus_ASOS_7stations,CanESM5,tas,9,21.9364,23.6518,1.7154,degC,1,box_main_comparison
CMIP6_box_minus_ASOS_7stations,CanESM5,tas,10,16.3993,18.0703,1.671,degC,1,box_main_comparison
CMIP6_box_minus_ASOS_7stations,CanESM5,tas,11,9.7186,12.3791,2.6605,degC,1,box_main_comparison
CMIP6_box_minus_ASOS_7stations,CanESM5,tas,12,3.2643,7.4331,4.1688,degC,1,box_main_comparison
CMIP6_land_mask_minus_ASOS_7stations_supplementary,CanESM5,tas,1,1.1307,4.3607,3.23,degC,1,reference_only_not_recommended
CMIP6_land_mask_minus_ASOS_7stations_supplementary,CanESM5,tas,2,3.3236,3.8177,0.4941,degC,1,reference_only_not_recommended
CMIP6_land_mask_minus_ASOS_7stations_supplementary,CanESM5,tas,3,7.6664,6.1698,-1.4966,degC,1,reference_only_not_recommended
CMIP6_land_mask_minus_ASOS_7stations_supplementary,CanESM5,tas,4,13.3529,10.1375,-3.2153,degC,1,reference_only_not_recommended
CMIP6_land_mask_minus_ASOS_7stations_supplementary,CanESM5,tas,5,18.3307,14.9569,-3.3738,degC,1,reference_only_not_recommended
CMIP6_land_mask_minus_ASOS_7stations_supplementary,CanESM5,tas,6,22.1693,20.3126,-1.8567,degC,1,reference_only_not_recommended
CMIP6_land_mask_minus_ASOS_7stations_supplementary,CanESM5,tas,7,25.3207,24.5777,-0.743,degC,1,reference_only_not_recommended
CMIP6_land_mask_minus_ASOS_7stations_supplementary,CanESM5,tas,8,26.1193,27.0179,0.8986,degC,1,reference_only_not_recommended
CMIP6_land_mask_minus_ASOS_7stations_supplementary,CanESM5,tas,9,21.9364,24.4649,2.5285,degC,1,reference_only_not_recommended
CMIP6_land_mask_minus_ASOS_7stations_supplementary,CanESM5,tas,10,16.3993,18.7339,2.3346,degC,1,reference_only_not_recommended
CMIP6_land_mask_minus_ASOS_7stations_supplementary,CanESM5,tas,11,9.7186,12.8652,3.1466,degC,1,reference_only_not_recommended
CMIP6_land_mask_minus_ASOS_7stations_supplementary,CanESM5,tas,12,3.2643,7.3965,4.1322,degC,1,reference_only_not_recommended
CMIP6_box_minus_ASOS_7stations,CanESM5,pr,1,1.0756,1.7385,0.6629,mm/day,1,box_main_comparison
CMIP6_box_minus_ASOS_7stations,CanESM5,pr,2,1.4706,2.1588,0.6883,mm/day,1,box_main_comparison
CMIP6_box_minus_ASOS_7stations,CanESM5,pr,3,2.0562,3.6298,1.5737,mm/day,1,box_main_comparison
CMIP6_box_minus_ASOS_7stations,CanESM5,pr,4,2.9501,3.6782,0.728,mm/day,1,box_main_comparison
CMIP6_box_minus_ASOS_7stations,CanESM5,pr,5,3.3678,3.5989,0.2311,mm/day,1,box_main_comparison
CMIP6_box_minus_ASOS_7stations,CanESM5,pr,6,5.348,3.6761,-1.672,mm/day,1,box_main_comparison
CMIP6_box_minus_ASOS_7stations,CanESM5,pr,7,9.9329,5.6373,-4.2956,mm/day,1,box_main_comparison
CMIP6_box_minus_ASOS_7stations,CanESM5,pr,8,10.0291,3.962,-6.067,mm/day,1,box_main_comparison
CMIP6_box_minus_ASOS_7stations,CanESM5,pr,9,5.9104,2.0566,-3.8538,mm/day,1,box_main_comparison
CMIP6_box_minus_ASOS_7stations,CanESM5,pr,10,1.9729,1.0469,-0.926,mm/day,1,box_main_comparison
CMIP6_box_minus_ASOS_7stations,CanESM5,pr,11,1.7945,1.9943,0.1998,mm/day,1,box_main_comparison
CMIP6_box_minus_ASOS_7stations,CanESM5,pr,12,0.9977,1.2626,0.2649,mm/day,1,box_main_comparison
CMIP6_land_mask_minus_ASOS_7stations_supplementary,CanESM5,pr,1,1.0756,1.6419,0.5662,mm/day,1,reference_only_not_recommended
CMIP6_land_mask_minus_ASOS_7stations_supplementary,CanESM5,pr,2,1.4706,2.039,0.5684,mm/day,1,reference_only_not_recommended
CMIP6_land_mask_minus_ASOS_7stations_supplementary,CanESM5,pr,3,2.0562,3.7697,1.7135,mm/day,1,reference_only_not_recommended
CMIP6_land_mask_minus_ASOS_7stations_supplementary,CanESM5,pr,4,2.9501,4.5353,1.5851,mm/day,1,reference_only_not_recommended
CMIP6_land_mask_minus_ASOS_7stations_supplementary,CanESM5,pr,5,3.3678,3.8844,0.5166,mm/day,1,reference_only_not_recommended
CMIP6_land_mask_minus_ASOS_7stations_supplementary,CanESM5,pr,6,5.348,4.1215,-1.2266,mm/day,1,reference_only_not_recommended
CMIP6_land_mask_minus_ASOS_7stations_supplementary,CanESM5,pr,7,9.9329,4.7958,-5.1371,mm/day,1,reference_only_not_recommended
CMIP6_land_mask_minus_ASOS_7stations_supplementary,CanESM5,pr,8,10.0291,3.3274,-6.7017,mm/day,1,reference_only_not_recommended
CMIP6_land_mask_minus_ASOS_7stations_supplementary,CanESM5,pr,9,5.9104,1.5115,-4.3989,mm/day,1,reference_only_not_recommended
CMIP6_land_mask_minus_ASOS_7stations_supplementary,CanESM5,pr,10,1.9729,0.806,-1.1669,mm/day,1,reference_only_not_recommended
CMIP6_land_mask_minus_ASOS_7stations_supplementary,CanESM5,pr,11,1.7945,1.9865,0.192,mm/day,1,reference_only_not_recommended
CMIP6_land_mask_minus_ASOS_7stations_supplementary,CanESM5,pr,12,0.9977,1.1975,0.1998,mm/day,1,reference_only_not_recommended
