model,variable,month,box_mean,korea_land_mean,difference_land_minus_box,unit,south_korea_land_grid_cells,reliability
MPI-ESM1-2-LR,tas,1,2.496,-0.1296,-2.6255,degC,3,very_limited
MPI-ESM1-2-LR,tas,2,3.6117,1.5704,-2.0414,degC,3,very_limited
MPI-ESM1-2-LR,tas,3,7.3183,6.1251,-1.1932,degC,3,very_limited
MPI-ESM1-2-LR,tas,4,12.0242,11.6,-0.4242,degC,3,very_limited
MPI-ESM1-2-LR,tas,5,16.0744,15.9875,-0.0868,degC,3,very_limited
MPI-ESM1-2-LR,tas,6,19.946,19.9371,-0.0089,degC,3,very_limited
MPI-ESM1-2-LR,tas,7,23.5051,23.3574,-0.1477,degC,3,very_limited
MPI-ESM1-2-LR,tas,8,25.0993,24.4937,-0.6056,degC,3,very_limited
MPI-ESM1-2-LR,tas,9,22.5081,21.3719,-1.1362,degC,3,very_limited
MPI-ESM1-2-LR,tas,10,16.7747,15.235,-1.5396,degC,3,very_limited
MPI-ESM1-2-LR,tas,11,11.5453,9.5783,-1.9669,degC,3,very_limited
MPI-ESM1-2-LR,tas,12,6.0714,3.5911,-2.4803,degC,3,very_limited
MPI-ESM1-2-LR,pr,1,1.7509,1.3313,-0.4196,mm/day,3,very_limited
MPI-ESM1-2-LR,pr,2,2.5819,2.3381,-0.2437,mm/day,3,very_limited
MPI-ESM1-2-LR,pr,3,3.1066,2.8296,-0.277,mm/day,3,very_limited
MPI-ESM1-2-LR,pr,4,4.4341,4.3168,-0.1173,mm/day,3,very_limited
MPI-ESM1-2-LR,pr,5,4.383,4.0331,-0.3499,mm/day,3,very_limited
MPI-ESM1-2-LR,pr,6,4.7652,4.772,0.0068,mm/day,3,very_limited
MPI-ESM1-2-LR,pr,7,4.6392,5.3236,0.6844,mm/day,3,very_limited
MPI-ESM1-2-LR,pr,8,4.1002,4.6954,0.5951,mm/day,3,very_limited
MPI-ESM1-2-LR,pr,9,3.6171,3.7053,0.0882,mm/day,3,very_limited
MPI-ESM1-2-LR,pr,10,0.8473,0.6644,-0.1829,mm/day,3,very_limited
MPI-ESM1-2-LR,pr,11,1.5873,1.565,-0.0222,mm/day,3,very_limited
MPI-ESM1-2-LR,pr,12,2.2793,1.8978,-0.3815,mm/day,3,very_limited
MPI-ESM1-2-HR,tas,1,2.951,-2.2151,-5.166,degC,12,supplementary_usable
MPI-ESM1-2-HR,tas,2,3.6145,-0.2527,-3.8671,degC,12,supplementary_usable
MPI-ESM1-2-HR,tas,3,7.1033,4.9312,-2.1721,degC,12,supplementary_usable
MPI-ESM1-2-HR,tas,4,11.2257,10.5886,-0.6371,degC,12,supplementary_usable
MPI-ESM1-2-HR,tas,5,15.187,15.5908,0.4038,degC,12,supplementary_usable
MPI-ESM1-2-HR,tas,6,18.7532,19.3933,0.6401,degC,12,supplementary_usable
MPI-ESM1-2-HR,tas,7,22.4833,22.947,0.4637,degC,12,supplementary_usable
MPI-ESM1-2-HR,tas,8,24.5945,23.7688,-0.8258,degC,12,supplementary_usable
MPI-ESM1-2-HR,tas,9,22.4885,20.1581,-2.3305,degC,12,supplementary_usable
MPI-ESM1-2-HR,tas,10,17.5567,14.408,-3.1488,degC,12,supplementary_usable
MPI-ESM1-2-HR,tas,11,11.8116,7.7756,-4.036,degC,12,supplementary_usable
MPI-ESM1-2-HR,tas,12,6.1831,1.2815,-4.9016,degC,12,supplementary_usable
MPI-ESM1-2-HR,pr,1,2.1592,1.7173,-0.4419,mm/day,12,supplementary_usable
MPI-ESM1-2-HR,pr,2,2.1935,1.8526,-0.3409,mm/day,12,supplementary_usable
MPI-ESM1-2-HR,pr,3,3.5812,3.5076,-0.0736,mm/day,12,supplementary_usable
MPI-ESM1-2-HR,pr,4,4.748,4.4773,-0.2707,mm/day,12,supplementary_usable
MPI-ESM1-2-HR,pr,5,4.612,4.5492,-0.0629,mm/day,12,supplementary_usable
MPI-ESM1-2-HR,pr,6,4.349,4.0454,-0.3036,mm/day,12,supplementary_usable
MPI-ESM1-2-HR,pr,7,5.3148,7.0821,1.7673,mm/day,12,supplementary_usable
MPI-ESM1-2-HR,pr,8,3.7816,4.843,1.0614,mm/day,12,supplementary_usable
MPI-ESM1-2-HR,pr,9,2.4911,2.5031,0.012,mm/day,12,supplementary_usable
MPI-ESM1-2-HR,pr,10,1.1983,1.1198,-0.0785,mm/day,12,supplementary_usable
MPI-ESM1-2-HR,pr,11,2.0498,1.9603,-0.0895,mm/day,12,supplementary_usable
MPI-ESM1-2-HR,pr,12,2.1313,1.8908,-0.2405,mm/day,12,supplementary_usable
ACCESS-CM2,tas,1,4.7213,2.6838,-2.0375,degC,6,limited_supplementary
ACCESS-CM2,tas,2,4.3008,2.5297,-1.7711,degC,6,limited_supplementary
ACCESS-CM2,tas,3,6.4887,5.2788,-1.2099,degC,6,limited_supplementary
ACCESS-CM2,tas,4,9.6439,8.9405,-0.7034,degC,6,limited_supplementary
ACCESS-CM2,tas,5,12.8048,12.5891,-0.2157,degC,6,limited_supplementary
ACCESS-CM2,tas,6,15.9906,16.2867,0.2961,degC,6,limited_supplementary
ACCESS-CM2,tas,7,18.6778,19.1251,0.4473,degC,6,limited_supplementary
ACCESS-CM2,tas,8,20.3864,20.5886,0.2023,degC,6,limited_supplementary
ACCESS-CM2,tas,9,19.1772,18.4183,-0.7589,degC,6,limited_supplementary
ACCESS-CM2,tas,10,15.9654,14.5722,-1.3932,degC,6,limited_supplementary
ACCESS-CM2,tas,11,11.7531,9.911,-1.8421,degC,6,limited_supplementary
ACCESS-CM2,tas,12,7.6045,5.5403,-2.0642,degC,6,limited_supplementary
ACCESS-CM2,pr,1,1.7975,1.5842,-0.2134,mm/day,6,limited_supplementary
ACCESS-CM2,pr,2,2.1247,1.6858,-0.4389,mm/day,6,limited_supplementary
ACCESS-CM2,pr,3,2.7054,2.6343,-0.0711,mm/day,6,limited_supplementary
ACCESS-CM2,pr,4,3.2566,2.7271,-0.5295,mm/day,6,limited_supplementary
ACCESS-CM2,pr,5,3.3697,3.0271,-0.3426,mm/day,6,limited_supplementary
ACCESS-CM2,pr,6,2.6485,2.1893,-0.4592,mm/day,6,limited_supplementary
ACCESS-CM2,pr,7,6.8176,6.2887,-0.5289,mm/day,6,limited_supplementary
ACCESS-CM2,pr,8,4.7498,5.0476,0.2978,mm/day,6,limited_supplementary
ACCESS-CM2,pr,9,2.3516,2.1766,-0.175,mm/day,6,limited_supplementary
ACCESS-CM2,pr,10,2.2243,2.2417,0.0174,mm/day,6,limited_supplementary
ACCESS-CM2,pr,11,2.5574,2.5179,-0.0395,mm/day,6,limited_supplementary
ACCESS-CM2,pr,12,2.8483,2.7987,-0.0496,mm/day,6,limited_supplementary
CanESM5,tas,1,4.9247,4.3607,-0.564,degC,1,reference_only_not_recommended
CanESM5,tas,2,4.6751,3.8177,-0.8574,degC,1,reference_only_not_recommended
CanESM5,tas,3,7.2101,6.1698,-1.0402,degC,1,reference_only_not_recommended
CanESM5,tas,4,10.9342,10.1375,-0.7966,degC,1,reference_only_not_recommended
CanESM5,tas,5,15.7984,14.9569,-0.8415,degC,1,reference_only_not_recommended
CanESM5,tas,6,20.9905,20.3126,-0.6779,degC,1,reference_only_not_recommended
CanESM5,tas,7,24.558,24.5777,0.0196,degC,1,reference_only_not_recommended
CanESM5,tas,8,26.5757,27.0179,0.4422,degC,1,reference_only_not_recommended
CanESM5,tas,9,23.6518,24.4649,0.8131,degC,1,reference_only_not_recommended
CanESM5,tas,10,18.0703,18.7339,0.6636,degC,1,reference_only_not_recommended
CanESM5,tas,11,12.3791,12.8652,0.4861,degC,1,reference_only_not_recommended
CanESM5,tas,12,7.4331,7.3965,-0.0366,degC,1,reference_only_not_recommended
CanESM5,pr,1,1.7385,1.6419,-0.0967,mm/day,1,reference_only_not_recommended
CanESM5,pr,2,2.1588,2.039,-0.1199,mm/day,1,reference_only_not_recommended
CanESM5,pr,3,3.6298,3.7697,0.1399,mm/day,1,reference_only_not_recommended
CanESM5,pr,4,3.6782,4.5353,0.8571,mm/day,1,reference_only_not_recommended
CanESM5,pr,5,3.5989,3.8844,0.2855,mm/day,1,reference_only_not_recommended
CanESM5,pr,6,3.6761,4.1215,0.4454,mm/day,1,reference_only_not_recommended
CanESM5,pr,7,5.6373,4.7958,-0.8415,mm/day,1,reference_only_not_recommended
CanESM5,pr,8,3.962,3.3274,-0.6346,mm/day,1,reference_only_not_recommended
CanESM5,pr,9,2.0566,1.5115,-0.5451,mm/day,1,reference_only_not_recommended
CanESM5,pr,10,1.0469,0.806,-0.2409,mm/day,1,reference_only_not_recommended
CanESM5,pr,11,1.9943,1.9865,-0.0078,mm/day,1,reference_only_not_recommended
CanESM5,pr,12,1.2626,1.1975,-0.0651,mm/day,1,reference_only_not_recommended
